Reference,LCSC Part #,Manufacturer,MPN,Stock at check,Checked UTC,Source,Datasheet,Fit notes
U2,C44508,TI,SN74CBTD3861DBQR,117,2026-09-30T02:28:45.849330+00:00,https://www.lcsc.com/product-detail/C44508.html,https://datasheet.lcsc.com/datasheet/pdf/10418c54070348a4b7d34e5e4823055e.pdf?productCode=C44508,DBQ SSOP-24 selected for stocked C44508; 0.635 mm pitch. Not PWR/TSSOP.
U3,C44508,TI,SN74CBTD3861DBQR,117,2026-09-30T02:28:45.849330+00:00,https://www.lcsc.com/product-detail/C44508.html,https://datasheet.lcsc.com/datasheet/pdf/10418c54070348a4b7d34e5e4823055e.pdf?productCode=C44508,DBQ SSOP-24 selected for stocked C44508; 0.635 mm pitch. Not PWR/TSSOP.
J1,C706880,XKB Connection,X6511WV-08H-C60D30,610,2026-09-30T02:28:46.174334+00:00,https://www.lcsc.com/product-detail/C706880.html,https://datasheet.lcsc.com/datasheet/pdf/6a4628c39c71d59f65cfdff6271ca694.pdf?productCode=C706880,Standard package/pitch and electrical value match.
J2,C706878,XKB Connection,X6511WV-06H-C60D30,400,2026-09-30T02:28:46.556337+00:00,https://www.lcsc.com/product-detail/C706878.html,https://datasheet.lcsc.com/datasheet/pdf/b62a5c2559ab497eec58d25252ac0a3a.pdf?productCode=C706878,Standard package/pitch and electrical value match.
J3,C7509546,CONNFLY Elec,DS1023-1x4SF11,2530,2026-09-30T02:28:46.889340+00:00,https://www.lcsc.com/product-detail/C7509546.html,https://datasheet.lcsc.com/datasheet/pdf/e746529444b0a48d4f291628523ddcfb.pdf?productCode=C7509546,"Single-row female socket, 2.54 mm pitch, 8.5 mm body height."
J4,C7279912,JST,UBA-4R-D14-4D(LF)(SN),265,2026-09-30T02:28:47.333345+00:00,https://www.lcsc.com/product-detail/C7279912.html,https://datasheet.lcsc.com/datasheet/pdf/f64d925fe87e64a5b6cfc8f40b7aa44b.pdf?productCode=C7279912,"JST UBA-4R-D14-4D: 13.14 mm shell pitch, 2.71 mm setback, 7/2 mm signal pitch; body/3D outline approximate."
J5,C50380980,LCKELEC,LCK-205A09FJ2A00B1A,1935,2026-09-30T02:28:47.703348+00:00,https://www.lcsc.com/product-detail/C50380980.html,https://datasheet.lcsc.com/datasheet/pdf/98ad6adf9b8970a112421d2b06a83c6e.pdf?productCode=C50380980,25 mm mount spacing; 2.77 x 2.84 mm pins; signal drills enlarged to 1.10 mm. Body/3D outline approximate.
J6,C50380980,LCKELEC,LCK-205A09FJ2A00B1A,1935,2026-09-30T02:28:47.703348+00:00,https://www.lcsc.com/product-detail/C50380980.html,https://datasheet.lcsc.com/datasheet/pdf/98ad6adf9b8970a112421d2b06a83c6e.pdf?productCode=C50380980,25 mm mount spacing; 2.77 x 2.84 mm pins; signal drills enlarged to 1.10 mm. Body/3D outline approximate.
J7,C7428703,HOOYA,DIN-603,225,2026-09-30T02:28:48.021351+00:00,https://www.lcsc.com/product-detail/C7428703.html,https://datasheet.lcsc.com/datasheet/pdf/5838b0b96a2a0bc17e3a0f9820189c0a.pdf?productCode=C7428703,DIN603 hole geometry and pin numbering verified against drawing and LCSC EasyEDA library.
J8,C706876,XKB Connection,X6511WV-04H-C60D30,26130,2026-09-30T02:28:48.324354+00:00,https://www.lcsc.com/product-detail/C706876.html,https://datasheet.lcsc.com/datasheet/pdf/53deca84ded28e9494fb227a5f6cd971.pdf?productCode=C706876,Standard package/pitch and electrical value match.
J9,C706874,XKB Connection,X6511WV-02H-C60D30,17940,2026-09-30T02:28:48.676358+00:00,https://www.lcsc.com/product-detail/C706874.html,https://datasheet.lcsc.com/datasheet/pdf/418a918ff249aca424d0b4f258558b75.pdf?productCode=C706874,Standard package/pitch and electrical value match.
JP1,C55099243,SHOU HAN,PZ2.0-1x3PZZ-L8.7,3850,2026-09-30T02:28:49.041361+00:00,https://www.lcsc.com/product-detail/C55099243.html,https://datasheet.lcsc.com/datasheet/pdf/61dd52b5d268e3df19a6c4df85bf5f0b.pdf?productCode=C55099243,Standard package/pitch and electrical value match.
D1,C8598,JSCJ,B5819W SL,229920,2026-09-30T02:28:49.340364+00:00,https://www.lcsc.com/product-detail/C8598.html,https://datasheet.lcsc.com/datasheet/pdf/4ac2c059be7c462694ab0715ce987a85.pdf?productCode=C8598,Standard package/pitch and electrical value match.
F1,C75464,BOURNS,MF-NSMF050-2,59460,2026-09-30T02:28:49.739368+00:00,https://www.lcsc.com/product-detail/C75464.html,https://datasheet.lcsc.com/datasheet/pdf/9de05d43c1e248c08c092bceb30077bc.pdf?productCode=C75464,Standard package/pitch and electrical value match.
C1,C14663,YAGEO,CC0603KRX7R9BB104,8519800,2026-09-30T02:28:50.076371+00:00,https://www.lcsc.com/product-detail/C14663.html,https://datasheet.lcsc.com/datasheet/pdf/23ccee80ee542e7cf156a772bb589942.pdf?productCode=C14663,"50 V selected, exceeds 16 V minimum."
C2,C14663,YAGEO,CC0603KRX7R9BB104,8519800,2026-09-30T02:28:50.076371+00:00,https://www.lcsc.com/product-detail/C14663.html,https://datasheet.lcsc.com/datasheet/pdf/23ccee80ee542e7cf156a772bb589942.pdf?productCode=C14663,"50 V selected, exceeds 16 V minimum."
C5,C14663,YAGEO,CC0603KRX7R9BB104,8519800,2026-09-30T02:28:50.076371+00:00,https://www.lcsc.com/product-detail/C14663.html,https://datasheet.lcsc.com/datasheet/pdf/23ccee80ee542e7cf156a772bb589942.pdf?productCode=C14663,"50 V selected, exceeds 16 V minimum."
C3,C15850,Samsung Electro-Mechanics,CL21A106KAYNNNE,594040,2026-09-30T02:28:50.482375+00:00,https://www.lcsc.com/product-detail/C15850.html,https://datasheet.lcsc.com/datasheet/pdf/02336ea48ea44ca18c72517dd3cb7b47.pdf?productCode=C15850,"25 V X5R selected, exceeds 10 V minimum."
C4,C970688,DMBJ,RVT1A151M0605 150UF 10V,520,2026-09-30T02:28:50.913379+00:00,https://www.lcsc.com/product-detail/C970688.html,https://datasheet.lcsc.com/datasheet/pdf/f0a865b841864fb1f67292a6eb3bf84a.pdf?productCode=C970688,Standard package/pitch and electrical value match.
R1,C23162,UNI-ROYAL,0603WAF4701T5E,13626200,2026-09-30T02:28:51.371383+00:00,https://www.lcsc.com/product-detail/C23162.html,https://datasheet.lcsc.com/datasheet/pdf/0a975aaa49b7c97f38a963127be4a823.pdf?productCode=C23162,Standard package/pitch and electrical value match.
R2,C23162,UNI-ROYAL,0603WAF4701T5E,13626200,2026-09-30T02:28:51.371383+00:00,https://www.lcsc.com/product-detail/C23162.html,https://datasheet.lcsc.com/datasheet/pdf/0a975aaa49b7c97f38a963127be4a823.pdf?productCode=C23162,Standard package/pitch and electrical value match.
RN1,C192513,PANASONIC,EXB38V103JV,53500,2026-09-30T02:28:51.779387+00:00,https://www.lcsc.com/product-detail/C192513.html,https://datasheet.lcsc.com/datasheet/pdf/45e874bd934a49da039ce7e7afe0034c.pdf?productCode=C192513,Standard package/pitch and electrical value match.
RN2,C192513,PANASONIC,EXB38V103JV,53500,2026-09-30T02:28:51.779387+00:00,https://www.lcsc.com/product-detail/C192513.html,https://datasheet.lcsc.com/datasheet/pdf/45e874bd934a49da039ce7e7afe0034c.pdf?productCode=C192513,Standard package/pitch and electrical value match.
RN3,C192513,PANASONIC,EXB38V103JV,53500,2026-09-30T02:28:51.779387+00:00,https://www.lcsc.com/product-detail/C192513.html,https://datasheet.lcsc.com/datasheet/pdf/45e874bd934a49da039ce7e7afe0034c.pdf?productCode=C192513,Standard package/pitch and electrical value match.
RN4,C192513,PANASONIC,EXB38V103JV,53500,2026-09-30T02:28:51.779387+00:00,https://www.lcsc.com/product-detail/C192513.html,https://datasheet.lcsc.com/datasheet/pdf/45e874bd934a49da039ce7e7afe0034c.pdf?productCode=C192513,Standard package/pitch and electrical value match.
RN5,C192513,PANASONIC,EXB38V103JV,53500,2026-09-30T02:28:51.779387+00:00,https://www.lcsc.com/product-detail/C192513.html,https://datasheet.lcsc.com/datasheet/pdf/45e874bd934a49da039ce7e7afe0034c.pdf?productCode=C192513,Standard package/pitch and electrical value match.
RN6,C192513,PANASONIC,EXB38V103JV,53500,2026-09-30T02:28:51.779387+00:00,https://www.lcsc.com/product-detail/C192513.html,https://datasheet.lcsc.com/datasheet/pdf/45e874bd934a49da039ce7e7afe0034c.pdf?productCode=C192513,Standard package/pitch and electrical value match.
RN7,C192513,PANASONIC,EXB38V103JV,53500,2026-09-30T02:28:51.779387+00:00,https://www.lcsc.com/product-detail/C192513.html,https://datasheet.lcsc.com/datasheet/pdf/45e874bd934a49da039ce7e7afe0034c.pdf?productCode=C192513,Standard package/pitch and electrical value match.
RN8,C192513,PANASONIC,EXB38V103JV,53500,2026-09-30T02:28:51.779387+00:00,https://www.lcsc.com/product-detail/C192513.html,https://datasheet.lcsc.com/datasheet/pdf/45e874bd934a49da039ce7e7afe0034c.pdf?productCode=C192513,Standard package/pitch and electrical value match.
RN9,C192513,PANASONIC,EXB38V103JV,53500,2026-09-30T02:28:51.779387+00:00,https://www.lcsc.com/product-detail/C192513.html,https://datasheet.lcsc.com/datasheet/pdf/45e874bd934a49da039ce7e7afe0034c.pdf?productCode=C192513,Standard package/pitch and electrical value match.
RN10,C192513,PANASONIC,EXB38V103JV,53500,2026-09-30T02:28:51.779387+00:00,https://www.lcsc.com/product-detail/C192513.html,https://datasheet.lcsc.com/datasheet/pdf/45e874bd934a49da039ce7e7afe0034c.pdf?productCode=C192513,Standard package/pitch and electrical value match.
U1,C7203003,Raspberry Pi,Raspberry Pi Pico W,855,2026-09-30T04:30:40.668988+00:00,https://www.lcsc.com/product-detail/C7203003.html,https://datasheets.raspberrypi.com/picow/pico-w-datasheet.pdf,"Pico W (RP2040), selected per user. Official Pico W and Pico 2 W figures 2/5 match: 40 pins, USB TP1-3, SWD pads, four USB-shell solder lands. Pico 2 W remains a footprint-compatible alternative requiring pico2_w firmware; fitted Pico W requires pico_w firmware."
